{
  "config": {
    "seeds": [
      42,
      43,
      44
    ],
    "epochs": 5,
    "batch_size": 64,
    "lr": 0.001,
    "model_dims": [
      [
        784,
        128
      ],
      [
        128,
        64
      ],
      [
        64,
        10
      ]
    ]
  },
  "raptor": {
    "runs": [
      {
        "train_loss": [
          0.26680912647446,
          0.10778712009290854,
          0.07621144167830547,
          0.05767406813452641,
          0.04610912763476372
        ],
        "train_acc": [
          0.9207666666666666,
          0.96785,
          0.9764166666666667,
          0.9825333333333334,
          0.98525
        ],
        "test_acc": [
          0.9597,
          0.9692,
          0.9701,
          0.969,
          0.975
        ],
        "epoch_time": [
          2.1454725000075996,
          2.382755500031635,
          2.436455500079319,
          2.779357000021264,
          2.405464299954474
        ]
      },
      {
        "train_loss": [
          0.26740978058973947,
          0.11353927144507567,
          0.07738072048525016,
          0.05916440311719974,
          0.04750912838242948
        ],
        "train_acc": [
          0.9228333333333333,
          0.9655833333333333,
          0.9762166666666666,
          0.9812,
          0.9853333333333333
        ],
        "test_acc": [
          0.9632,
          0.9684,
          0.9727,
          0.9744,
          0.9773
        ],
        "epoch_time": [
          2.182387400069274,
          2.5644031999399886,
          2.3107375000836328,
          2.329120200010948,
          2.585662700003013
        ]
      },
      {
        "train_loss": [
          0.2627053938905398,
          0.11108609078923862,
          0.07905152391890685,
          0.05987835082660119,
          0.046689299002662304
        ],
        "train_acc": [
          0.9235,
          0.96605,
          0.9755166666666667,
          0.9811333333333333,
          0.9850666666666666
        ],
        "test_acc": [
          0.9613,
          0.9686,
          0.9738,
          0.9727,
          0.9778
        ],
        "epoch_time": [
          4.370909000048414,
          2.74212529999204,
          2.625130100059323,
          2.4888376999879256,
          2.4566344999475405
        ]
      }
    ],
    "summary": {
      "final_test_acc_mean": 0.9767,
      "final_test_acc_std": 0.0012192894105447945,
      "final_train_acc_mean": 0.9852166666666666,
      "final_train_acc_std": 0.00011138854253200674,
      "avg_epoch_time_mean": 2.5870301600157597,
      "avg_epoch_time_std": 0.24769612324650261
    }
  },
  "pytorch": {
    "runs": [
      {
        "train_loss": [
          0.266809118326505,
          0.10778711294233799,
          0.07621143243809542,
          0.05767407619717221,
          0.04601800911600391
        ],
        "train_acc": [
          0.9207666666666666,
          0.96785,
          0.9764166666666667,
          0.9825333333333334,
          0.9856333333333334
        ],
        "test_acc": [
          0.9596999883651733,
          0.9692000150680542,
          0.9700999855995178,
          0.968999981880188,
          0.9751999974250793
        ],
        "epoch_time": [
          2.39953960001003,
          2.2104590999661013,
          1.8443419999675825,
          1.8258343999041244,
          2.0164518000092357
        ]
      },
      {
        "train_loss": [
          0.26740977065761884,
          0.11353926570018133,
          0.07750655453453462,
          0.058947492991387844,
          0.04787667093488077
        ],
        "train_acc": [
          0.9228333333333333,
          0.9655666666666667,
          0.9763166666666667,
          0.9812,
          0.98475
        ],
        "test_acc": [
          0.9631999731063843,
          0.968500018119812,
          0.9742000102996826,
          0.9763000011444092,
          0.9764999747276306
        ],
        "epoch_time": [
          1.7056356000248343,
          1.9576221000170335,
          1.8237103000283241,
          1.9283719999948516,
          1.9155752999940887
        ]
      },
      {
        "train_loss": [
          0.26270538184841474,
          0.11108608296265204,
          0.07905151272664468,
          0.05987835614979267,
          0.04690772026367485
        ],
        "train_acc": [
          0.9235,
          0.96605,
          0.9755166666666667,
          0.9811333333333333,
          0.98545
        ],
        "test_acc": [
          0.9613000154495239,
          0.9685999751091003,
          0.973800003528595,
          0.9726999998092651,
          0.9775999784469604
        ],
        "epoch_time": [
          2.0038683000020683,
          2.064215099904686,
          2.5926141999661922,
          2.387518099974841,
          2.2683098999550566
        ]
      }
    ],
    "summary": {
      "final_test_acc_mean": 0.9764333168665568,
      "final_test_acc_std": 0.0009809212265958866,
      "final_train_acc_mean": 0.9852777777777778,
      "final_train_acc_std": 0.0003806265140658014,
      "avg_epoch_time_mean": 2.062937853314603,
      "avg_epoch_time_std": 0.16214452421060369
    }
  }
}